"id","lastVisitTime","title","typedCount","url","visitCount","cnt","cnt1"
"1565","9/5/2017 5:43:11 AM","DRONE : EMOTION :: - Google Search","0","https://www.google.co.in/search?q=DRONE+%3A+EMOTION+%3A%3A&oq=DRONE+%3A+EMOTION+%3A%3A&aqs=chrome..69i57j0l5.248j0j9&sourceid=chrome&ie=UTF-8","1","3000102","2000001"
"1564","9/5/2017 5:42:12 AM","BLUSH : EMBARRASSMENT :: - Google Search","0","https://www.google.co.in/search?q=BLUSH+%3A+EMBARRASSMENT+%3A%3A&oq=BLUSH+%3A+EMBARRASSMENT+%3A%3A&aqs=chrome..69i57j0l2.235j0j4&sourceid=chrome&ie=UTF-8","1","3000103","2000001"
"1563","9/5/2017 5:41:39 AM","Logical Deduction Section 2 - Logical Reasoning Questions and Answers","0","https://www.indiabix.com/logical-reasoning/logical-deduction/052001","1","3000104","2000001"
"1562","9/5/2017 5:41:37 AM","All branches are flowers. All flowers are leaves. - Google Search","0","https://www.google.co.in/search?q=All+branches+are+flowers.+All+flowers+are+leaves.&oq=All+branches+are+flowers.+All+flowers+are+leaves.&aqs=chrome..69i57j0.338j0j4&sourceid=chrome&ie=UTF-8","1","3000105","2000001"
"1561","9/5/2017 5:39:40 AM","PaGaLGuY : The Education Network","0","https://www.pagalguy.com/news/reasoning-and-syllogism-quiz-for-banking-entrance-exams-34141102","2","3000106","2000001"
"1560","9/5/2017 5:39:34 AM","Some exams are tests. No exam is a question - Google Search","0","https://www.google.co.in/search?q=Some+exams+are+tests.+No+exam+is+a+question&oq=Some+exams+are+tests.+No+exam+is+a+question&aqs=chrome..69i57.299j0j9&sourceid=chrome&ie=UTF-8","1","3000107","2000001"
"1559","9/5/2017 5:38:50 AM","All water is liquid All liquid is wet. - Google Search","0","https://www.google.co.in/search?q=All+water+is+liquid+All+liquid+is+wet.&oq=All+water+is+liquid+All+liquid+is+wet.&gs_l=psy-ab.3...4681.4681.0.5484.1.1.0.0.0.0.103.103.0j1.1.0....0...1.1.64.psy-ab..0.0.0.CD-eZXALASA","1","3000108","2000001"
"1558","9/5/2017 5:38:44 AM","All water is liquid. All liquid is wet. - Google Search","0","https://www.google.co.in/search?q=All+water+is+liquid.+All+liquid+is+wet.&oq=All+water+is+liquid.+All+liquid+is+wet.&gs_l=psy-ab.3..0i71k1l4.0.0.0.13849.0.0.0.0.0.0.0.0..0.0....0...1..64.psy-ab..0.0.0.razlwGaXdec","1","3000109","2000001"
"1557","9/5/2017 5:38:28 AM","All water is liquid. All liquid is wet. - Google Search","0","https://www.google.co.in/search?q=All+water+is+liquid.+All+liquid+is+wet.&oq=All+water+is+liquid.+All+liquid+is+wet.&aqs=chrome..69i57.197j0j4&sourceid=chrome&ie=UTF-8","1","3000110","2000001"
"1556","9/5/2017 5:37:57 AM","Reasoning Aptitude Test for Syllogism & Blood Relations - Recruitmentvoice","0","http://recruitmentvoice.com/reasoning-aptitude-test-for-syllogism-blood-relations/","1","3000111","2000001"
"1555","9/5/2017 5:37:51 AM","No mat is pot All pots are bats - Google Search","0","https://www.google.co.in/search?q=No+mat+is+pot+All+pots+are+bats&oq=No+mat+is+pot+All+pots+are+bats&aqs=chrome..69i57j0.501j0j7&sourceid=chrome&ie=UTF-8","1","3000112","2000001"
"1554","9/5/2017 5:32:26 AM","Although this version has been proof-read (n)if any of these are brought to our attention; (o) some of which may be obvious even without reference to the original text - Google Search","0","https://www.google.co.in/search?q=Although+this+version+has+been+proof-read+%28n%29if+any+of+these+are+brought+to+our+attention%3B+%28o%29+some+of+which+may+be+obvious+even+without+reference+to+the+original+text&oq=Although+this+version+has+been+proof-read+%28n%29if+any+of+these+are+brought+to+our+attention%3B+%28o%29+some+of+which+may+be+obvious+even+without+reference+to+the+original+text&gs_l=psy-ab.3..0i71k1l4.56722.56722.0.57048.1.1.0.0.0.0.0.0..0.0....0...1.1.64.psy-ab..1.0.0.L0voWLoj5GU","1","3000113","2000001"
"1553","9/5/2017 5:31:28 AM","police has/have - Google Search","0","https://www.google.co.in/search?q=police+has%2Fhave&oq=police+has%2Fhave&gs_l=psy-ab.3..0i22i30k1.172926.177133.0.177550.15.15.0.0.0.0.105.1401.6j8.14.0....0...1.1.64.psy-ab..1.14.1400...0j35i39k1j0i67k1j0i46i67k1j46i67k1j0i131k1.HaMcPC-1eqI","1","3000114","2000001"
"1552","9/5/2017 5:28:30 AM","abet meaning - Google Search","0","https://www.google.co.in/search?q=abet+meaning&oq=abet+meaning&gs_l=psy-ab.3..0l2j0i20k1j0.2869.5939.0.6162.5.5.0.0.0.0.128.554.2j3.5.0....0...1.1.64.psy-ab..0.5.553.Oi3mZ0OxiDI","1","3000115","2000001"
"1551","9/5/2017 5:28:23 AM","abet me - Google Search","0","https://www.google.co.in/search?q=abet+me&oq=abet+me&gs_l=psy-ab.3...0.0.1.32.0.0.0.0.0.0.0.0..0.0....0...1..64.psy-ab..0.0.0.A5p44ksUaEU","1","3000116","2000001"
"1550","9/5/2017 5:28:11 AM","albet - Google Search","0","https://www.google.co.in/search?q=albet&oq=albet&gs_l=psy-ab.3..0i10k1j0j0i10k1l2.4362.5338.0.5471.5.5.0.0.0.0.119.513.3j2.5.0....0...1.1.64.psy-ab..0.5.513...35i39k1j0i67k1j0i131k1.gK_kLvI0IY4","1","3000117","2000001"
"1549","9/5/2017 5:28:04 AM","fixate - Google Search","0","https://www.google.co.in/search?q=fixate&oq=fixate&gs_l=psy-ab.3..0i20k1j0l2j0i20k1.7297.8449.0.8900.6.6.0.0.0.0.111.610.2j4.6.0....0...1.1.64.psy-ab..0.6.609...35i39k1j0i131k1j0i67k1.aSSLtqEokYo","1","3000118","2000001"
"1548","9/5/2017 5:27:55 AM","dissuade - Google Search","0","https://www.google.co.in/search?q=dissuade&oq=dissuade&gs_l=psy-ab.3..0i20k1j0l3.6958.8194.0.8618.8.8.0.0.0.0.114.789.6j2.8.0....0...1.1.64.psy-ab..0.8.788...35i39k1j0i67k1.6IeU-8O89X0","1","3000119","2000001"
"1547","9/5/2017 5:27:45 AM","foment - Google Search","0","https://www.google.co.in/search?q=foment&oq=foment&gs_l=psy-ab.3..0i67k1j0l2j0i67k1.37394.38272.0.38927.6.6.0.0.0.0.123.632.2j4.6.0....0...1.1.64.psy-ab..0.6.632...35i39k1j0i131k1j0i20k1.baZmBs_74k8","1","3000120","2000001"
"1546","9/5/2017 5:27:06 AM","discretion meaning - Google Search","0","https://www.google.co.in/search?q=discretion+meaning&oq=discretion+meaning&gs_l=psy-ab.3..0i67k1j0j0i7i30k1j0.6336.6336.0.6986.1.1.0.0.0.0.92.92.1.1.0....0...1.1.64.psy-ab..0.1.91.ZalQ9tPOrG8","1","3000121","2000001"
"1545","9/5/2017 5:26:58 AM","discretionary meaning - Google Search","0","https://www.google.co.in/search?q=discretionary+meaning&oq=discretio&gs_l=psy-ab.1.1.0i67k1j0i20k1j0i67k1j0i20k1.20207.22021.0.24876.9.9.0.0.0.0.133.874.2j6.8.0....0...1.1.64.psy-ab..1.8.873...35i39k1.qPpyNXd5gBw","1","3000122","2000001"
"1544","9/5/2017 5:26:32 AM","sterling meaning - Google Search","0","https://www.google.co.in/search?q=sterling+meaning&oq=sterling+meanin&gs_l=psy-ab.1.0.0l4.10427.15671.0.17911.15.15.0.0.0.0.147.1646.5j10.15.0....0...1.1.64.psy-ab..0.15.1645...35i39k1j46i67k1j0i67k1j0i20k1.AMJJ1S6bVgA","1","3000123","2000001"
"1543","9/5/2017 5:26:12 AM","sterling - Google Search","0","https://www.google.co.in/search?q=sterling+&oq=sterling+&gs_l=psy-ab.3..0i67k1l4.2254.2254.0.3239.1.1.0.0.0.0.107.107.0j1.1.0....0...1.1.64.psy-ab..0.1.107.J405kEodrZs","1","3000124","2000001"
"1542","9/5/2017 5:26:08 AM","sterling - Google Search","0","https://www.google.co.in/search?q=sterling&oq=sterling&aqs=chrome..69i57j0l5.3605j0j9&sourceid=chrome&ie=UTF-8","1","3000125","2000001"
"1540","9/5/2017 5:26:01 AM","congenial antonym - Google Search","0","https://www.google.co.in/search?q=congenial+antonym&oq=congenial+antoym&aqs=chrome.1.69i57j0.4595j0j7&sourceid=chrome&ie=UTF-8","2","3000126","2000001"
"1541","9/5/2017 5:25:39 AM","Congenial Synonyms, Congenial Antonyms | Thesaurus.com","0","http://www.thesaurus.com/browse/congenial","1","3000127","2000001"
"1539","9/5/2017 5:25:17 AM","CONGENIAL a - Google Search","0","https://www.google.co.in/search?q=CONGENIAL+a&oq=CONGENIAL+a&gs_l=psy-ab.3..0i71k1l4.0.0.0.4313.0.0.0.0.0.0.0.0..0.0....0...1..64.psy-ab..0.0.0.fgixqFSLHFs","1","3000128","2000001"
"1538","9/5/2017 5:25:12 AM","CONGENIAL a - Google Search","0","https://www.google.co.in/search?q=CONGENIAL+a&oq=CONGENIAL+a&gs_l=psy-ab.3..0l2j0i10k1j0.11329.15794.0.17400.4.4.0.0.0.0.112.402.3j1.4.0....0...1.1.64.psy-ab..0.4.402...35i39k1j0i13k1j0i131k1.BoLOvIshBN0","1","3000129","2000001"
"1537","9/5/2017 5:24:54 AM","CONGENIAL - Google Search","0","https://www.google.co.in/search?q=CONGENIAL&oq=CONGENIAL&gs_l=psy-ab.3..0l2j0i131k1j0.29342.29342.0.29621.1.1.0.0.0.0.107.107.0j1.1.0....0...1.1.64.psy-ab..0.1.106.9Q_Vb3RjJ9o","1","3000130","2000001"
"1536","9/5/2017 5:24:23 AM","dais - Google Search","0","https://www.google.co.in/search?q=dais&oq=dais&aqs=chrome..69i57j0l5.1351j0j7&sourceid=chrome&ie=UTF-8","1","3000131","2000001"
"1535","9/5/2017 5:24:13 AM","sdais - Google Search","0","https://www.google.co.in/search?q=sdais&oq=sdais&aqs=chrome..69i57j0l5.1828j0j7&sourceid=chrome&ie=UTF-8","1","3000132","2000001"
"1526","9/5/2017 5:19:33 AM","Welcome to AmritaVidya Home . . .","0","https://amritavidya.amrita.edu:8444/aums/Jsp/Core_Common/index.jsp?task=off","1","3000133","2000001"
"1521","9/5/2017 5:19:31 AM","AUMS-Amrita University Management System","0","https://amritavidya.amrita.edu:8444/cas/login?service=https%3A%2F%2Famritavidya.amrita.edu%3A8444%2Faums%2FJsp%2FCore_Common%2Findex.jsp","1","3000134","2000001"
"39","9/5/2017 5:17:45 AM","Intranet | intranet.amritanet.edu","4","http://intranet//","4","3000135","2000001"
"1517","9/4/2017 3:53:52 PM","","0","https://www.amrita.edu/sites/default/files/academic-calendar-ase-coimbatore-2017.pdf","1","3000136","2000001"
"936","9/4/2017 3:53:39 PM","Amrita University Management System | Amrita Vishwa Vidyapeetham (Amrita University)","0","https://www.amrita.edu/aums","8","3000137","2000001"
"1516","9/4/2017 3:53:02 PM","Amrita Students | Amrita Vishwa Vidyapeetham (Amrita University)","0","https://www.amrita.edu/international/amrita-students","1","3000138","2000001"
"1515","9/4/2017 3:52:43 PM","Amrita Center for International Programs | Amrita Vishwa Vidyapeetham (Amrita University)","0","https://www.amrita.edu/international","1","3000139","2000001"
"1514","9/4/2017 3:52:32 PM","Events and Conferences | Amrita Vishwa Vidyapeetham (Amrita University)","0","https://www.amrita.edu/events","1","3000140","2000001"
"72","9/4/2017 3:52:12 PM","Amrita Vishwa Vidyapeetham (Amrita University) | Founded by Sri Mata Amritanandamayi Devi","2","https://www.amrita.edu/","21","3000141","2000001"
"1513","9/4/2017 3:51:30 PM","Campuses | Amrita Vishwa Vidyapeetham (Amrita University)","0","https://www.amrita.edu/campus","1","3000142","2000001"
"1512","9/4/2017 3:50:21 PM","academic calendar coimbatore 2018 - Google Search","0","https://www.google.co.in/search?q=academic+calendar+coimbatore+2018&oq=academic+&aqs=chrome.4.69i57j69i60j69i61l2j35i39l2.12001j0j7&sourceid=chrome&ie=UTF-8","1","3000143","2000001"
"1511","9/4/2017 3:49:59 PM","Sagunthalavin Kadhalan Tamil Movie High Quality mp3 Songs Listen and Download Music By P.V. Prasath StarMusiQ.com","0","http://www.5starmusiq.com/tamil_movie_songs_listen_download.asp?MovieId=6487","1","3000144","2000001"
"1510","9/4/2017 3:49:19 PM","","0","http://c-4fambt.com/?rzi=1273976&rsz=1273976&rid=","3","3000145","2000001"
"1509","9/4/2017 3:49:19 PM","UC Browser","0","http://c-4fambt.com/?b=1599088&ba=1&dm=1&ep=1&g=IN&i18db=1&l=KWn7GKx1vwTF2Sd&language=en&oaid=7033265affed77299987e3052e14fbb0&s=376308736993&ssk=dcda7a4ffd8f5ae907584b601e0b8b2b&svar=1504540160.6498&vi=1&vo=1&z=1273976&tr=default","2","3000146","2000001"
"1081","9/4/2017 3:49:19 PM","","0","http://onclkds.com/afu.php?zoneid=1365143&var=","10","3000147","2000001"
"1508","9/4/2017 3:49:19 PM","","0","http://onclkds.com/?auction_id=1f9854ad-db17-4ec6-8038-168e3cfc32b2&zoneid=1273976&xref=www.musiqfile.xyz&pbk3=f27b6ae654aae05b360c59b753f6f0316461950771562572666&r=%2Foc%2Fhan&uuid=2090d190-070d-4f3f-8338-9140bf2b9713&co=0&rf=1&fs=0&sw=1366&sh=768&wx=0&wy=0&ww=1366&wh=728&wiw=1366&wih=638&wfc=0&pl=http%3A%2F%2Fwww.musiqfile.xyz%2Fdownload-7s-sng-new%2F%3FToken%3DU29uZyQkMjA0MjIkJFR5cGUxJCRPcGVuRG93bmxvYWQkJDIwMTctMDktMDQgMTY6NDk6OA%3D%3D&drf=http%3A%2F%2Fwww.5starmusiq.com%2Ftamil_movie_songs_listen_download.asp%3FMovieId%3D6525&np=1&pt=undefined&nb=1&ng=1&ix=0","1","3000148","2000001"
"1507","9/4/2017 3:49:15 PM","Download Song ""Hara Hara Maha Devaki - 5StarMusiQ.Com"" From Movie ""Hara Hara Mahadevaki"" In 160Kbps","0","http://www.musiqfile.xyz/download-7s-sng-new/?Token=U29uZyQkMjA0MjIkJFR5cGUxJCRPcGVuRG93bmxvYWQkJDIwMTctMDktMDQgMTY6NDk6OA==","1","3000149","2000001"
"1506","9/4/2017 3:49:11 PM","Hara Hara Mahadevaki Tamil Movie High Quality mp3 Songs Listen and Download Music By Balamurali Balu StarMusiQ.com","0","http://www.5starmusiq.com/tamil_movie_songs_listen_download.asp?MovieId=6525","1","3000150","2000001"
"1505","9/4/2017 3:48:29 PM","bet365 - Sports Betting, Premier League, Champions League and International Football Odds, plus Grand Slam Tennis Prices, Casino, Poker, Games, Vegas, Bingo","0","https://www.bet365.com/en/?forcelp=1&affiliate=365_460486","1","3000151","2000001"
"1501","9/4/2017 3:48:27 PM","","0","http://engine.spotscenered.info/Redirect.eng?MediaSegmentId=27846&dcid=1_ctx_45ab6fc7-ecfc-4f0f-be6e-0dc5645883ce&vmId=00000000-0000-0000-0000-000000000000&abr=false&timeZoneOffset=&v=zwNBFvEWV_WG4t4xxNprUhmlRIFrTMtmqxh8P0Z2nIIJrjLvRvqRNy7IbaTpt1kJjjOFzk2_XwcGN2Uv9AqlObm6oBNiHzMZKEjkokQDMAZn9RLGwScUbAzfN2ldxdibqu7WsP5fmYRtd4Xb8t8w94IVK9K_zK4acPzie3Nxx-EfgWElQXjmccfRuftfGvBk3iwY6t9MCYl5jtwxGg4nioWStRkQDOmXlp4swMRReKwavc3vf8MsrMlUmh7SpYAQHUXjlRaQoZxMlDZymboUmKiaEdW1iMB_8utQzmK9mwDP95wWrOne3wWRzLmaF7O1743WA-JUoWlverb31BR7eKS977kVCgOKnYcayDHIGxzKOaaBosHNpFy9ESZ2ZMi0c9S-VodoGevtlYAjXvTbuQzelZY8SEPBmSV8rDf0cPyckp4MDPD-l8ZqCQ0rTfhqYpRCZEBJHfprSqA6mi_aax6-ZJYe3qUI5L35lxPds8sQNgt9ZSlX6zYtSHmjAtUsqUtSLCec3jgJEe3LJ2kn7yOcpS-LYLH-7WUCbSXv-1qttywiUpkogdaAIECUfNi8TnJ6XH1dpecmVCx8w-_VmX9YleG0Z-Zudp52oQkR6DXJnzbLhN5WV_UKnZnE7xzlZ8TvpqhbTvnjW1IpVMeJ_rdflyi-ag7FejB7NVqWnUeVDR-NOz_Oa4KgEOSqAgmkZIcnZA1xqo5wecRXZ1eC2oiFlx4Mm-HQsaw8nlKmXmpLeZrDxm07XUZibLB_SqUSn1i2Lep8jVZmnm8yS59G4jr1GBqjEUi_4BF1yQauJdBXMcXirhm7ys5PX4BdG2b4ZGkPqc-tI5iLf9jsWkI_2Dfa0Ni7pQGFFCw0uSLo_7wC_JEYAwQppehsgvwOup4F6zd3EOGmlhjWsZiyTrVnoKbCmTQQXzQqVi096VMIXFDW-GkganKULjAsXf25DMj-y-RyQz6SQlOinPAml_sCmACb95twqBOK45WsRBr1kok3TAiVQbPqLjZDvXrr8vM06qKztHkwn6XAt_4qhm4wUCSJrcC-T8ZKlEqky_EIDvq5J40SzUo6o4oq2FO8WVdm_xoG6XKzYs96y4TSVjfmP5rdtw98AUOjUbxGUoE9eQPUzteQKdqO3rNbmO9Tele5EP8FV-4jqPiu-AQCcjk02YfynQv2ui5MQ7IjtXY2WbbuXgZyrC9dny0WhQhHzRIkISg4t8fJJQgKnHiDUw1DIlV9jxV1brlQPxhulbihl1ciT_G_jIQz5rcFlHJ7wRRL6Z-nlJm4dud9d1c-3jG0l8x4XqJY7lzMkpWypr9Y75kl80AwXjEg0ZLnUtVK-BWZdQcBGHEwcjUAki-_lbEh8RKpXAq-Wz_P1onxvNte9yFsX01dwvwWAj3U22TOGaVFbfyOlavAVb6pDyEzCoba0RAa_des3ixpePfGFfNEkEDwUpk7pbwCBr1sFEm5B9ifgM-ceAQo2PbLumO69nOmLrmm6WhmTXEUWc-3CntjXbhuB0Sqr9Ep3n6mtIKkZGVuFN_jZDZz3QPCWQnZvs7kJDTpHU1IdY0VPl5PAXqx3Kc5IuO_20nmpTCPjn0JztOn0","1","3000152","2000001"
"1499","9/4/2017 3:48:26 PM","","0","http://onclkds.com/afu.php?zoneid=1368282&var=","2","3000153","2000001"
"1498","9/4/2017 3:48:26 PM","","0","http://onclkds.com/?auction_id=d8945055-099d-4aec-829c-02e37f4e538a&zoneid=1274058&xref=www.starfile.info&pbk3=1eec955ed754f9675c06c76e3d36e51f6461950548351460152&r=%2Foc%2Fhan&uuid=0388728c-0fec-4b45-baa2-67ee4f87adfa&co=0&rf=1&fs=0&sw=1366&sh=768&wx=0&wy=0&ww=1366&wh=728&wiw=1366&wih=638&wfc=0&pl=http%3A%2F%2Fwww.starfile.info%2Fdownload-7s-zip-new%2F%3FToken%3DTW92aWUkJDY1MTEkJFR5cGUxJCRPcGVuRG93bmxvYWQkJDIwMTctMDktMDQgMTY6NDg6MTA%3D&drf=http%3A%2F%2Fwww.5starmusiq.com%2Ftamil_movie_songs_listen_download.asp%3FMovieId%3D6511&np=1&pt=undefined&nb=1&ng=1&ix=0","1","3000154","2000001"
"1497","9/4/2017 3:48:22 PM","Download Meyaadha Maan Movie (Single-1,2) Songs in 320kbps ZIP File","0","http://www.starfile.info/download-7s-zip-new/?Token=TW92aWUkJDY1MTEkJFR5cGUxJCRPcGVuRG93bmxvYWQkJDIwMTctMDktMDQgMTY6NDg6MTA=","1","3000155","2000001"
"1496","9/4/2017 3:48:13 PM","Meyaadha Maan Tamil Movie High Quality mp3 Songs Listen and Download Music By Santhosh Narayanan, Pradeep Kumar StarMusiQ.com","0","http://www.5starmusiq.com/tamil_movie_songs_listen_download.asp?MovieId=6511","1","3000156","2000001"
"1495","9/4/2017 3:47:55 PM","","0","http://c-4fambt.com/?rzi=1209384&rsz=1209384&rid=","3","3000157","2000001"
"1494","9/4/2017 3:47:55 PM","UC Browser","0","http://c-4fambt.com/?b=1596081&ba=1&dm=1&ep=1&g=IN&i18db=1&l=KWn7GKx1vwTF2Sd&language=en&oaid=9dd9bcd5256c7203dc1551d3f485f770&s=361770904611&ssk=99247ad2103ed6f0df717c27d44a5a45&svar=1504540076.8425&vi=1&vo=1&z=1209384&tr=default&rsz=1274058","2","3000158","2000001"
"1493","9/4/2017 3:47:55 PM","","0","http://go.data1rtb.com/afu.php?zoneid=1209384&var=","3","3000159","2000001"
"1492","9/4/2017 3:47:55 PM","","0","http://go.data1rtb.com/afu.php?id=1209384&var=1274058&rsz=1274058","2","3000160","2000001"
"1491","9/4/2017 3:47:55 PM","","0","http://m62-genreal.com/?rsz=1274058&rzi=1274058","4","3000161","2000001"
"1490","9/4/2017 3:47:53 PM","","0","http://m62-genreal.com/?b=1578657&ba=0&dm=0&ep=0&g=IN&i18db=1&l=A55k6KPw9Wd9ZLz&oaid=7033265affed77299987e3052e14fbb0&s=376307708013&ssk=865f639b434d273d7e517439e1deadef&svar=1504540074.4537&vo=0&z=1274058","2","3000162","2000001"
"1489","9/4/2017 3:47:52 PM","","0","http://onclkds.com/?auction_id=0d945044-1745-45f0-9bdc-650ad36b74c8&zoneid=1274058&xref=www.starfile.info&pbk3=9adf0320f048913f9c16165f760c11316461950406333683706&r=%2Foc%2Fhan&uuid=3bcc29ab-9130-4f67-af72-2135e3a5b7e6&co=0&rf=1&fs=0&sw=1366&sh=768&wx=0&wy=0&ww=1366&wh=728&wiw=1366&wih=638&wfc=0&pl=http%3A%2F%2Fwww.starfile.info%2Fdownload-7s-zip-new%2F%3FToken%3DTW92aWUkJDY1MjMkJFR5cGUxJCRPcGVuRG93bmxvYWQkJDIwMTctMDktMDQgMTY6NDc6MTY%3D&drf=http%3A%2F%2Fwww.5starmusiq.com%2Ftamil_movie_songs_listen_download.asp%3FMovieId%3D6523&np=1&pt=undefined&nb=1&ng=1&ix=0","1","3000163","2000001"
"1488","9/4/2017 3:47:49 PM","Download Solo Movie Songs in 320kbps ZIP File","0","http://www.starfile.info/download-7s-zip-new/?Token=TW92aWUkJDY1MjMkJFR5cGUxJCRPcGVuRG93bmxvYWQkJDIwMTctMDktMDQgMTY6NDc6MTY=","1","3000164","2000001"
"1487","9/4/2017 3:47:33 PM","","0","https://wow-lion.ucweb.com/pc_to_umeng/package/UCBrowser.exe?filename=UCBrowser_CI04lu43631576450472459ad75935f94d.exe","1","3000165","2000001"
"1483","9/4/2017 3:47:28 PM","","0","http://onclkds.com/?auction_id=4e5311b3-8388-477a-a010-659d55f87723&zoneid=1273976&xref=www.musiqfile.xyz&pbk3=7cb532c24739c57c78440d8c02c1a1626461950299027106460&r=%2Foc%2Fhan&uuid=66d60cf4-a6a0-4bb1-a389-f7a3f8b0b2b3&co=0&rf=1&fs=0&sw=1366&sh=768&wx=0&wy=0&ww=1366&wh=728&wiw=1366&wih=638&wfc=0&pl=http%3A%2F%2Fwww.musiqfile.xyz%2Fdownload-7s-sng-new%2F%3FToken%3DU29uZyQkMjA0NDckJFR5cGUxJCRPcGVuRG93bmxvYWQkJDIwMTctMDktMDQgMTY6NDc6MTM%3D&drf=http%3A%2F%2Fwww.5starmusiq.com%2Ftamil_movie_songs_listen_download.asp%3FMovieId%3D6530&np=1&pt=undefined&nb=1&ng=1&ix=0","1","3000166","2000001"
"1482","9/4/2017 3:47:25 PM","Download Song ""Karuthavanlaam Galeejaam - 5StarMusiQ.Com"" From Movie ""Velaikkaran"" In 160Kbps","0","http://www.musiqfile.xyz/download-7s-sng-new/?Token=U29uZyQkMjA0NDckJFR5cGUxJCRPcGVuRG93bmxvYWQkJDIwMTctMDktMDQgMTY6NDc6MTM=","1","3000167","2000001"
"1481","9/4/2017 3:47:19 PM","Solo Tamil Movie High Quality mp3 Songs Listen and Download Music By Prashant Pillai, Filter Coffee, Sooraj S. Kurup StarMusiQ.com","0","http://www.5starmusiq.com/tamil_movie_songs_listen_download.asp?MovieId=6523","1","3000168","2000001"
"1480","9/4/2017 3:47:16 PM","Velaikkaran Tamil Movie High Quality mp3 Songs Listen and Download Music By Anirudh Ravichander StarMusiQ.com","0","http://www.5starmusiq.com/tamil_movie_songs_listen_download.asp?MovieId=6530","1","3000169","2000001"
"1479","9/4/2017 3:47:01 PM","System notification!","0","http://snowontree.com/?pid=1651&sid=162961913","3","3000170","2000001"
"1472","9/4/2017 3:46:56 PM","","0","http://onclkds.com/?auction_id=b35d29fb-464b-4069-81d9-bccc23594435&zoneid=1273976&xref=www.musiqfile.xyz&pbk3=784b4395d13f77cc57464b2bf6875f4c6461950161546170430&r=%2Foc%2Fhan&uuid=d79c6d1a-f4f5-4c01-94bf-cca8ce3b7d61&co=0&rf=1&fs=0&sw=1366&sh=768&wx=0&wy=0&ww=1366&wh=728&wiw=1366&wih=638&wfc=1&pl=http%3A%2F%2Fwww.musiqfile.xyz%2Fdownload-7s-sng-new%2F%3FToken%3DU29uZyQkMjA0NzUkJFR5cGUxJCRPcGVuRG93bmxvYWQkJDIwMTctMDktMDQgMTY6NDY6MzY%3D&drf=http%3A%2F%2Fwww.5starmusiq.com%2Ftamil_movie_songs_listen_download.asp%3FMovieId%3D6533&np=1&pt=undefined&nb=1&ng=1&ix=0","1","3000171","2000001"
"1471","9/4/2017 3:46:53 PM","Download Song ""Mazhai Megam - 5StarMusiQ.Com"" From Movie ""Balloon"" In 160Kbps","0","http://www.musiqfile.xyz/download-7s-sng-new/?Token=U29uZyQkMjA0NzUkJFR5cGUxJCRPcGVuRG93bmxvYWQkJDIwMTctMDktMDQgMTY6NDY6MzY=","1","3000172","2000001"
"1470","9/4/2017 3:46:39 PM","Balloon Tamil Movie High Quality mp3 Songs Listen and Download Music By Yuvan Shankar Raja StarMusiQ.com","0","http://www.5starmusiq.com/tamil_movie_songs_listen_download.asp?MovieId=6533","1","3000173","2000001"
"1469","9/4/2017 3:46:12 PM","SearchApp new tab","0","http://lp.blpmovies.com/?appid=104&sysid=674&lpid=5532&pubid=1274058&subid=376306493943&tgid=1","1","3000174","2000001"
"1467","9/4/2017 3:46:11 PM","","0","http://onclkds.com/?auction_id=4b652a25-dd82-4f4b-9a8a-1866f3b95e4f&zoneid=1274058&xref=www.starfile.info&pbk3=f0498f36314b7ac0bf9f13288d9c055d6461949963781212944&r=%2Foc%2Fhan&uuid=cba21b72-de4d-4b14-abfc-a16e685ec16d&co=0&rf=1&fs=0&sw=1366&sh=768&wx=0&wy=0&ww=1366&wh=728&wiw=1366&wih=638&wfc=0&pl=http%3A%2F%2Fwww.starfile.info%2Fdownload-7s-zip-new%2F%3FToken%3DTW92aWUkJDY1MzUkJFR5cGUxJCRPcGVuRG93bmxvYWQkJDIwMTctMDktMDQgMTY6NDU6NTU%3D&drf=http%3A%2F%2Fwww.5starmusiq.com%2Ftamil_movie_songs_listen_download.asp%3FMovieId%3D6535&np=1&pt=undefined&nb=1&ng=1&ix=0","1","3000175","2000001"
"1466","9/4/2017 3:46:07 PM","Download Karuppan Movie ACD-Rip Songs in 320kbps ZIP File","0","http://www.starfile.info/download-7s-zip-new/?Token=TW92aWUkJDY1MzUkJFR5cGUxJCRPcGVuRG93bmxvYWQkJDIwMTctMDktMDQgMTY6NDU6NTU=","1","3000176","2000001"
"1465","9/4/2017 3:45:57 PM","Karuppan Tamil Movie High Quality mp3 Songs Listen and Download Music By D.Imman StarMusiQ.com","0","http://www.5starmusiq.com/tamil_movie_songs_listen_download.asp?MovieId=6535","1","3000177","2000001"
"1464","9/4/2017 3:45:23 PM","Jabong| Online Shopping For Women's Fashion In India| Big Brands, Best Prices","0","https://www.jabong.com/women/?utm_source=cps_adsplay&utm_medium=dc-clicktracker&utm_content=home_page&utm_campaign=3117-1619801736-377424924362","1","3000178","2000001"
"1461","9/4/2017 3:45:22 PM","","0","http://onclkds.com/?auction_id=8a6d38be-7d87-4b15-ae46-786b13de0164&zoneid=1274058&xref=www.starfile.info&pbk3=51141b03554b72ea10938eb86c6a62026461949753898437834&r=%2Foc%2Fhan&uuid=9bfcdd18-8398-4fcc-a3e0-fd11870433c8&co=0&rf=1&fs=0&sw=1366&sh=768&wx=0&wy=0&ww=1366&wh=728&wiw=1366&wih=638&wfc=0&pl=http%3A%2F%2Fwww.starfile.info%2Fdownload-7s-zip-new%2F%3FToken%3DTW92aWUkJDY1MzYkJFR5cGUxJCRPcGVuRG93bmxvYWQkJDIwMTctMDktMDQgMTY6NDU6MA%3D%3D&drf=http%3A%2F%2Fwww.5starmusiq.com%2Ftamil_movie_songs_listen_download.asp%3FMovieId%3D6536&np=1&pt=undefined&nb=1&ng=1&ix=0","1","3000179","2000001"
"1460","9/4/2017 3:45:18 PM","Download Thiruttu Payale 2 Movie ACD-Rip Songs in 320kbps ZIP File","0","http://www.starfile.info/download-7s-zip-new/?Token=TW92aWUkJDY1MzYkJFR5cGUxJCRPcGVuRG93bmxvYWQkJDIwMTctMDktMDQgMTY6NDU6MA==","1","3000180","2000001"
"1459","9/4/2017 3:45:03 PM","Thiruttu Payale 2 Tamil Movie High Quality mp3 Songs Listen and Download Music By Vidyasagar StarMusiQ.com","0","http://www.5starmusiq.com/tamil_movie_songs_listen_download.asp?MovieId=6536","1","3000181","2000001"
"467","9/4/2017 3:44:33 PM","StarMusiQ.Com Listen to HD Tamil, Hindi, Telugu & Malayalam Movie Songs Download","0","http://www.5starmusiq.com/","4","3000182","2000001"
"265","9/4/2017 3:44:22 PM",":: New Tamil Hits :: Good Quality Tamil Movie, Tamil Songs A to Z MP3 Database For Download & Listen To ::","0","http://www.5starmusiq.com/mp3-database.asp","4","3000183","2000001"
"1458","9/4/2017 3:44:00 PM","starmusiq - Google Search","0","https://www.google.co.in/search?q=starmusiq&oq=starmusiq&aqs=chrome..69i57j69i60j0j69i60j0l2.9463j0j4&sourceid=chrome&ie=UTF-8","1","3000184","2000001"
"1457","9/4/2017 2:22:22 PM","Newspaper reports say (a) that the Chief Minister would arrive here at 4 p.m. (b) and, after resting for half-an-hour (c) address a public meeting (d). No error (e). - Google Search","0","https://www.google.co.in/search?q=Newspaper+reports+say+(a)+that+the+Chief+Minister+would+arrive+here+at+4+p.m.+(b)+and%2C+after+resting+for+half-an-hour+(c)+address+a+public+meeting+(d).+No+error+(e).&oq=Newspaper+reports+say+(a)+that+the+Chief+Minister+would+arrive+here+at+4+p.m.+(b)+and%2C+after+resting+for+half-an-hour+(c)+address+a+public+meeting+(d).+No+error+(e).&aqs=chrome..69i57.1005j0j7&sourceid=chrome&ie=UTF-8","1","3000185","2000001"
"1456","9/4/2017 2:19:03 PM","MBA|CAT|CAT 2015|CAT 2016|CAT Online|MBA 2015|MBA 2016|MBA Entrance Exams|CAT Test|Preparation|CAT Questions","0","http://totalgadha.com/mod/forum/discuss.php?d=1018","1","3000186","2000001"
"1454","9/4/2017 2:18:53 PM","The majority of successful senior managers do not closely follow the classical rational model of first clarifying goals, assessing the problem, formulating options, estimating likelihoods of success, making a decision, - Google Search","0","https://www.google.co.in/search?q=The+majority+of+successful+senior+managers+do+not+closely+follow+the+classical+rational+model+of+first+clarifying+goals%2C+assessing+the+problem%2C+formulating+options%2C+estimating+likelihoods+of+success%2C+making+a+decision%2C&oq=The+majority+of+successful+senior+managers+do+not+closely+follow+the+classical+rational+model+of+first+clarifying+goals%2C+assessing+the+problem%2C+formulating+options%2C+estimating+likelihoods+of+success%2C+making+a+decision%2C&aqs=chrome..69i57.207j0j4&sourceid=chrome&ie=UTF-8","2","3000187","2000001"
"1455","9/4/2017 2:17:32 PM","The majority of successful senior managers do not closely : Reading Comprehension (RC)","0","https://gmatclub.com/forum/the-majority-of-successful-senior-managers-do-not-closely-119740.html","1","3000188","2000001"
"1453","9/4/2017 2:16:48 PM","Platitude Synonyms, Platitude Antonyms | Thesaurus.com","0","http://www.thesaurus.com/browse/platitude?s=t","1","3000189","2000001"
"1451","9/4/2017 2:16:17 PM","hospitalized - Google Search","0","https://www.google.co.in/search?q=hospitalized&oq=hospitalized&gs_l=psy-ab.3..0l4.39799.39799.0.40362.1.1.0.0.0.0.76.76.1.1.0....0...1.1.64.psy-ab..0.1.76.8i3-YN1IB4o","1","3000190","2000001"
"1450","9/4/2017 2:15:56 PM","Ambulatory Synonyms, Ambulatory Antonyms | Thesaurus.com","0","http://www.thesaurus.com/browse/ambulatory","1","3000191","2000001"
"1449","9/4/2017 2:15:53 PM","AMBULATORY antonym - Google Search","0","https://www.google.co.in/search?q=AMBULATORY+antonym&oq=AMBULATORY+antonym&aqs=chrome..69i57j0l2.4372j0j4&sourceid=chrome&ie=UTF-8","1","3000192","2000001"
"1448","9/4/2017 2:15:36 PM","strive - Google Search","0","https://www.google.co.in/search?q=strive&oq=strive&gs_l=psy-ab.3..35i39k1j0l3.1527.2667.0.2848.6.6.0.0.0.0.90.397.5.5.0....0...1.1.64.psy-ab..1.5.395...46j0i131k1j0i67k1j0i46k1.gfZCOgKm7jQ","1","3000193","2000001"
"1447","9/4/2017 2:15:32 PM","officiate - Google Search","0","https://www.google.co.in/search?q=officiate&oq=officiate&gs_l=psy-ab.3..35i39k1j0l3.9709.9709.0.10028.1.1.0.0.0.0.84.84.1.1.0....0...1.1.64.psy-ab..0.1.83.1KxICxlIZQE","1","3000194","2000001"
"1446","9/4/2017 2:15:21 PM","estrange - Google Search","0","https://www.google.co.in/search?q=estrange&oq=estrang&gs_l=psy-ab.3.0.35i39k1j0j0i131k1j0.7006.8289.0.9597.7.7.0.0.0.0.84.538.7.7.0....0...1.1.64.psy-ab..0.7.537...0i67k1.Kd9S16NFQCo","1","3000195","2000001"
"1445","9/4/2017 2:15:11 PM","officiate - Google Search","0","https://www.google.co.in/search?q=officiate&oq=officiate&aqs=chrome..69i57.456j0j7&sourceid=chrome&ie=UTF-8","1","3000196","2000001"
"1444","9/4/2017 2:14:48 PM","Assimilate Synonyms, Assimilate Antonyms | Thesaurus.com","0","http://www.thesaurus.com/browse/assimilate","1","3000197","2000001"
"1443","9/4/2017 2:14:45 PM","assimilate antonym - Google Search","0","https://www.google.co.in/search?q=assimilate+antonym&oq=assimilate+&gs_l=psy-ab.3.1.0j0i20k1j0l2.10287.12602.0.14339.11.11.0.0.0.0.109.899.9j2.11.0....0...1.1.64.psy-ab..0.11.899...35i39k1j0i67k1j0i131k1.olrRwbrXX6w","1","3000198","2000001"
"1442","9/4/2017 2:14:28 PM","strive - Google Search","0","https://www.google.co.in/search?q=strive&oq=strive&gs_l=psy-ab.3..0l4.8788.8788.0.9241.1.1.0.0.0.0.81.81.1.1.0....0...1.1.64.psy-ab..0.1.81.t3yUDjYg1xY","1","3000199","2000001"
"1441","9/4/2017 2:14:18 PM","estrange - Google Search","0","https://www.google.co.in/search?q=estrange&oq=estrange&gs_l=psy-ab.3..0j0i131k1j0l2.8224.8224.0.8451.1.1.0.0.0.0.75.75.1.1.0....0...1.1.64.psy-ab..0.1.74.H1Ju5REveoI","1","3000200","2000001"
"1440","9/4/2017 2:14:08 PM","ASSIMILATE - Google Search","0","https://www.google.co.in/search?q=ASSIMILATE&oq=ASSIMILATE&gs_l=psy-ab.3..0i20k1j0l3.9896.9896.0.10219.1.1.0.0.0.0.105.105.0j1.1.0....0...1.1.64.psy-ab..0.1.105.-lAxZKifXl0","1","3000201","2000001"
"1439","9/4/2017 2:13:57 PM","commensurable - Google Search","0","https://www.google.co.in/search?q=commensurable&oq=commensurable&gs_l=psy-ab.3..0l2j0i20k1j0.15146.15146.0.15421.1.1.0.0.0.0.87.87.1.1.0....0...1.1.64.psy-ab..0.1.86.9hnRM2jZPxo","1","3000202","2000001"
"1438","9/4/2017 2:13:40 PM","gratis extravagant - Google Search","0","https://www.google.co.in/search?q=gratis+extravagant&oq=gratis+extravagant&aqs=chrome..69i57j0l2.7942j0j4&sourceid=chrome&ie=UTF-8","1","3000203","2000001"
"1437","9/4/2017 2:13:12 PM","Gratis Synonyms, Gratis Antonyms | Thesaurus.com","0","http://www.thesaurus.com/browse/gratis","1","3000204","2000001"
"1436","9/4/2017 2:13:09 PM","gratis antonym - Google Search","0","https://www.google.co.in/search?q=gratis+antonym&oq=gratis+anto&gs_l=psy-ab.3.0.0j0i22i10i30k1j0i22i30k1l2.24246.26811.0.27906.5.5.0.0.0.0.102.336.3j1.4.0....0...1.1.64.psy-ab..1.4.336...0i20k1.wK8MddR0n9E","1","3000205","2000001"
"1435","9/4/2017 2:12:40 PM","gratis - Google Search","0","https://www.google.co.in/search?q=gratis&oq=gratis&gs_l=psy-ab.3..0i20k1j0l2j0i131k1.1684.1684.0.1960.1.1.0.0.0.0.98.98.1.1.0....0...1.1.64.psy-ab..0.1.97.ERTXIgSL6pY","1","3000206","2000001"
"1434","9/4/2017 2:12:36 PM","gatis - Google Search","0","https://www.google.co.in/search?q=gatis&oq=gatis&aqs=chrome..69i57j0l5.1142j0j4&sourceid=chrome&ie=UTF-8","1","3000207","2000001"
"1433","9/4/2017 2:12:16 PM","The 4000 english words essential for an educated vocabulary","0","https://www.slideshare.net/hunter2302/the-4000-english-words-essential-for-an-educated-vocabulary-29415401","1","3000208","2000001"
"1432","9/4/2017 2:12:11 PM","DEIGN: A. inveigh B. gainsay C. speculate D. reject E. laud - Google Search","0","https://www.google.co.in/search?q=DEIGN:+A.+inveigh+B.+gainsay+C.+speculate+D.+reject+E.+laud&nfpr=1&sa=X&ved=0ahUKEwjumK-R24vWAhUMMY8KHTeSDiQQvgUIJSgB&biw=681&bih=618","1","3000209","2000001"
"1431","9/4/2017 2:12:06 PM","DEIGN: A. inveigh B. gainsay C. speculate D. reject E. laud - Google Search","0","https://www.google.co.in/search?q=+DEIGN%3A+A.+inveigh+B.+gainsay+C.+speculate+D.+reject+E.+laud&oq=+DEIGN%3A+A.+inveigh+B.+gainsay+C.+speculate+D.+reject+E.+laud&gs_l=psy-ab.3...11772.11772.0.12723.1.1.0.0.0.0.117.117.0j1.1.0....0...1.1.64.psy-ab..0.0.0.RtWjlJV6Pfo","1","3000210","2000001"
"1430","9/4/2017 2:11:52 PM","Question 6 of 50 1.0 Points DEIGN: A. inveigh B. gainsay C. speculate D. reject E. laud - Google Search","0","https://www.google.co.in/search?q=Question+6+of+50+1.0+Points+DEIGN%3A+A.+inveigh+B.+gainsay+C.+speculate+D.+reject+E.+laud&oq=Question+6+of+50+1.0+Points+DEIGN%3A+A.+inveigh+B.+gainsay+C.+speculate+D.+reject+E.+laud&aqs=chrome..69i57.972j0j4&sourceid=chrome&ie=UTF-8","1","3000211","2000001"
"1429","9/4/2017 2:11:09 PM","Deign Synonyms, Deign Antonyms | Thesaurus.com","0","http://www.thesaurus.com/browse/deign","1","3000212","2000001"
"1428","9/4/2017 2:11:06 PM","deign antonym - Google Search","0","https://www.google.co.in/search?q=deign+antonym&oq=deign+antony&gs_l=psy-ab.3.0.0j0i22i30k1.1619.6223.0.7438.14.13.1.0.0.0.97.1067.13.13.0....0...1.1.64.psy-ab..0.14.1068...35i39k1j0i131k1j0i20k1j0i10k1j0i22i10i30k1.nNj6wheLkaM","1","3000213","2000001"
"1426","9/4/2017 2:10:58 PM","Baneful - Google Search","0","https://www.google.co.in/search?q=Baneful&oq=Baneful&gs_l=psy-ab.3..0i20k1j0l3.25216.25216.0.25482.1.1.0.0.0.0.77.77.1.1.0....0...1.1.64.psy-ab..0.1.76.NLDEbgBaoaA","2","3000214","2000001"
"1427","9/4/2017 2:10:42 PM","Baneful | Define Baneful at Dictionary.com","0","http://www.dictionary.com/browse/baneful","1","3000215","2000001"
"1425","9/4/2017 2:10:11 PM","Canker - Google Search","0","https://www.google.co.in/search?q=Canker&oq=Canker&gs_l=psy-ab.3..35i39k1j0i20k1j0l2.13672.13672.0.14381.1.1.0.0.0.0.74.74.1.1.0....0...1.1.64.psy-ab..0.1.74.J-0aLYjEqdo","1","3000216","2000001"
